{"Configurations":{"retainTextScalingRatio":true,"pageFlipSound":{"forward":"page-flip-sound.mp3","backward":"page-flip-sound.mp3"},"pageFlipTransitionDuration":0.6,"paragraphTextFadeDuration":0.4,"autoplayPageTurnDelay":0.2,"autoplayKeyframeDelay":0.1,"skipAnimationOnSwipe":true,"homeMenuForPages":{"normalStateImage":"home.png","tappedStateImage":"home-over.png","position":[44,727],"scale":1}},"Pages":[{"API":{"CCMoveTo":[{"actionTag":15,"duration":0,"position":[77,704]},{"actionTag":20,"duration":5,"position":[512,384]},{"actionTag":22,"duration":5.5,"position":[766,576]},{"actionTag":23,"duration":2,"position":[730,200]}],"CCScaleTo":[{"actionTag":14,"duration":0,"intensity":0.1},{"actionTag":19,"duration":5,"intensity":0.8},{"actionTag":21,"duration":5.5,"intensity":0.5}],"CCSequence":[{"actionTag":18,"actions":[16,17]}],"CCDelayTime":[{"actionTag":16,"duration":3}],"CCSpawn":[{"actionTag":17,"actions":[19,20]}],"CCStorySwipeEnded":{"runAction":[{"runAfterSwipeNumber":2,"spriteTag":25,"actionTags":[21,22]},{"runAfterSwipeNumber":3,"spriteTag":25,"actionTags":[23]}]},"CCSprites":[{"image":"/images/128/cocos2d_background0000.jpg","scale":0.1,"position":[77,704],"visible":true,"zOrder":1,"spriteTag":25,"actions":[14,18]}]},"Page":{"settings":{"number":1},"text":{"paragraphs":[{"linesOfText":[{"text":"With text","xOffset":110,"yOffset":680,"fontType":"arialother.ttf","fontColor":[0,0,0],"fontHighlightColor":[255,0,0],"fontSize":34,"anchorPoint":[0,0]}],"hotspots":[],"highlightingTimes":[0],"autoplayDuration":9},{"linesOfText":[{"text":"Click to edit or drag to move","xOffset":512,"yOffset":384,"fontType":"arialother.ttf","fontColor":[0,0,0],"fontHighlightColor":[255,0,0],"fontSize":34,"anchorPoint":[0,0]}],"hotspots":[],"highlightingTimes":[0],"autoplayDuration":12},{"linesOfText":[{"text":"And text","xOffset":892,"yOffset":381,"fontType":"arialother.ttf","fontColor":[0,0,0],"fontHighlightColor":[255,0,0],"fontSize":34,"anchorPoint":[0,0]}],"hotspots":[],"highlightingTimes":[0],"autoplayDuration":9.5},{"linesOfText":[{"text":"k4","xOffset":512,"yOffset":384,"fontType":"arialother.ttf","fontColor":[0,0,0],"fontHighlightColor":[255,0,0],"fontSize":34,"anchorPoint":[0,0]}],"hotspots":[],"highlightingTimes":[0],"autoplayDuration":4}]}}},{"API":{"CCMoveTo":[{"actionTag":25,"duration":0,"position":[940,47]},{"actionTag":27,"duration":0,"position":[148,635]},{"actionTag":29,"duration":4,"position":[394,391]}],"CCScaleTo":[{"actionTag":24,"duration":0,"intensity":1},{"actionTag":26,"duration":0,"intensity":0.15},{"actionTag":28,"duration":4,"intensity":0.7}],"CCSequence":[],"CCDelayTime":[],"CCSpawn":[],"CCStorySwipeEnded":{"runAction":[{"runAfterSwipeNumber":1,"spriteTag":47,"actionTags":[28,29]}]},"CCSprites":[{"image":"/images/120/cocos2d_arrow-pointing-left.png","scale":1,"position":[940,47],"visible":true,"zOrder":1,"spriteTag":36,"actions":[24,25]},{"image":"/images/136/cocos2d_background0030.jpg","scale":0.15,"position":[148,635],"visible":true,"zOrder":2,"spriteTag":47,"actions":[26,27]}]},"Page":{"settings":{"number":2},"text":{"paragraphs":[{"linesOfText":[{"text":"Big big big\nand super bad\ncentered \u00a0centered \u00a0text","xOffset":386,"yOffset":664,"fontType":"Impact.ttf","fontColor":[149,98,98],"fontHighlightColor":[255,0,0],"fontSize":48,"anchorPoint":[0.5,0]},{"text":"Left aligned\ntext","xOffset":4,"yOffset":196,"fontType":"arialother.ttf","fontColor":[45,68,142],"fontHighlightColor":[255,0,0],"fontSize":104,"anchorPoint":[0,0]},{"text":"Right aligned\non\nsome lines","xOffset":1016,"yOffset":758,"fontType":"Georgia.ttf","fontColor":[36,83,37],"fontHighlightColor":[255,0,0],"fontSize":16,"anchorPoint":[1,0]},{"text":"Click to edit\nor drag to move","xOffset":679,"yOffset":384,"fontType":"/fonts/134/VintageOne.ttf","fontColor":[0,0,0],"fontHighlightColor":[255,0,0],"fontSize":41,"anchorPoint":[0.5,0]}],"hotspots":[],"highlightingTimes":[1.042,1.596,2.676],"autoplayDuration":11,"voiceAudioFile":"forjson_7_cddbadbdabddffbbbeeeecabfccdccbbbbacadebeef.mp3"},{"linesOfText":[{"text":"Click to edit or drag to move","xOffset":512,"yOffset":384,"fontType":"arialother.ttf","fontColor":[0,0,0],"fontHighlightColor":[255,0,0],"fontSize":34,"anchorPoint":[0,0]}],"hotspots":[{"glitterIndicator":true,"stopEffectIndicator":false,"touchFlag":14,"position":[266,450],"radius":166,"soundToPlay":"forjson_7_cfcdcdaafcaffeefaebafebcefcdddfdaefdefdedcccdbbb.mp3"}],"highlightingTimes":[0],"autoplayDuration":14}]}}},{"API":{"CCMoveTo":[],"CCScaleTo":[],"CCSequence":[],"CCDelayTime":[],"CCSpawn":[],"CCStorySwipeEnded":{"runAction":[]},"CCSprites":[]},"Page":{"settings":{"number":3},"text":{"paragraphs":[{"linesOfText":[{"text":"","xOffset":0,"yOffset":0,"fontType":"Arial.ttf","fontColor":[255,183,213],"fontHighlightColor":[255,0,0],"fontSize":25}],"hotspots":[],"highlightingTimes":[0],"autoplayDuration":15}]}}}],"MainMenu":{"CCSprites":[{"image":"/images/131/cocos2d_background0010.jpg","scale":0.8,"position":[411,459],"visible":true,"zOrder":1,"spriteTag":14}],"fallingPhysicsSettings":{"plistfilename":"snowflake-main-menu.plist"},"MenuItems":[{"normalStateImage":"read_it_myself.png","tappedStateImage":"read_it_myself-over.png","storyMode":"readItMyself","position":[512,200],"scale":1.8,"zOrder":4001},{"normalStateImage":"read_to_me.png","tappedStateImage":"read_to_me-over.png","storyMode":"readToMe","position":[144,178],"scale":0.8,"zOrder":4002},{"normalStateImage":"auto_play.png","tappedStateImage":"auto_play-over.png","storyMode":"autoPlay","position":[893,247],"scale":1.2,"zOrder":4003}],"API":{}}}